index,tile_path,anchor_path,x,y,z
0,BoardRoot/Tablero/Tablero/Tile_00,BoardRoot/Tablero/Tablero/Tile_00_Anchor,6,0.26500082,5.99999952
1,BoardRoot/Tablero/Tablero/Tile_01,BoardRoot/Tablero/Tablero/Tile_01_Anchor,4.44444466,0.26500082,5.99999952
2,BoardRoot/Tablero/Tablero/Tile_02,BoardRoot/Tablero/Tablero/Tile_02_Anchor,3.33333325,0.26500082,5.99999952
3,BoardRoot/Tablero/Tablero/Tile_03,BoardRoot/Tablero/Tablero/Tile_03_Anchor,2.22222233,0.26500082,5.99999952
4,BoardRoot/Tablero/Tablero/Tile_04,BoardRoot/Tablero/Tablero/Tile_04_Anchor,1.11111116,0.26500082,5.99999952
5,BoardRoot/Tablero/Tablero/Tile_05,BoardRoot/Tablero/Tablero/Tile_05_Anchor,0,0.26500082,5.99999952
6,BoardRoot/Tablero/Tablero/Tile_06,BoardRoot/Tablero/Tablero/Tile_06_Anchor,-1.11111116,0.26500082,5.99999952
7,BoardRoot/Tablero/Tablero/Tile_07,BoardRoot/Tablero/Tablero/Tile_07_Anchor,-2.22222233,0.26500082,5.99999952
8,BoardRoot/Tablero/Tablero/Tile_08,BoardRoot/Tablero/Tablero/Tile_08_Anchor,-3.33333325,0.26500082,5.99999952
9,BoardRoot/Tablero/Tablero/Tile_09,BoardRoot/Tablero/Tablero/Tile_09_Anchor,-4.44444466,0.26500082,5.99999952
10,BoardRoot/Tablero/Tablero/Tile_10,BoardRoot/Tablero/Tablero/Tile_10_Anchor,-6,0.26500082,5.99999952
11,BoardRoot/Tablero/Tablero/Tile_11,BoardRoot/Tablero/Tablero/Tile_11_Anchor,-6,0.265000343,4.444444
12,BoardRoot/Tablero/Tablero/Tile_12,BoardRoot/Tablero/Tablero/Tile_12_Anchor,-6,0.265000343,3.333333
13,BoardRoot/Tablero/Tablero/Tile_13,BoardRoot/Tablero/Tablero/Tile_13_Anchor,-6,0.2650001,2.222222
14,BoardRoot/Tablero/Tablero/Tile_14,BoardRoot/Tablero/Tablero/Tile_14_Anchor,-6,0.2650001,1.111111
15,BoardRoot/Tablero/Tablero/Tile_15,BoardRoot/Tablero/Tablero/Tile_15_Anchor,-6,0.264999956,-2.98023224E-08
16,BoardRoot/Tablero/Tablero/Tile_16,BoardRoot/Tablero/Tablero/Tile_16_Anchor,-6,0.264999866,-1.111111
17,BoardRoot/Tablero/Tablero/Tile_17,BoardRoot/Tablero/Tablero/Tile_17_Anchor,-6,0.264999747,-2.22222233
18,BoardRoot/Tablero/Tablero/Tile_18,BoardRoot/Tablero/Tablero/Tile_18_Anchor,-6,0.2649994,-3.333333
19,BoardRoot/Tablero/Tablero/Tile_19,BoardRoot/Tablero/Tablero/Tile_19_Anchor,-6,0.2649994,-4.444444
20,BoardRoot/Tablero/Tablero/Tile_20,BoardRoot/Tablero/Tablero/Tile_20_Anchor,-6,0.2649989,-5.99999952
21,BoardRoot/Tablero/Tablero/Tile_21,BoardRoot/Tablero/Tablero/Tile_21_Anchor,-4.44444466,0.2649989,-5.99999952
22,BoardRoot/Tablero/Tablero/Tile_22,BoardRoot/Tablero/Tablero/Tile_22_Anchor,-3.33333325,0.2649989,-5.99999952
23,BoardRoot/Tablero/Tablero/Tile_23,BoardRoot/Tablero/Tablero/Tile_23_Anchor,-2.22222233,0.2649989,-5.99999952
24,BoardRoot/Tablero/Tablero/Tile_24,BoardRoot/Tablero/Tablero/Tile_24_Anchor,-1.11111116,0.2649989,-5.99999952
25,BoardRoot/Tablero/Tablero/Tile_25,BoardRoot/Tablero/Tablero/Tile_25_Anchor,-7.34788059E-16,0.2649989,-5.99999952
26,BoardRoot/Tablero/Tablero/Tile_26,BoardRoot/Tablero/Tablero/Tile_26_Anchor,1.11111116,0.2649989,-5.99999952
27,BoardRoot/Tablero/Tablero/Tile_27,BoardRoot/Tablero/Tablero/Tile_27_Anchor,2.22222233,0.2649989,-5.99999952
28,BoardRoot/Tablero/Tablero/Tile_28,BoardRoot/Tablero/Tablero/Tile_28_Anchor,3.33333325,0.2649989,-5.99999952
29,BoardRoot/Tablero/Tablero/Tile_29,BoardRoot/Tablero/Tablero/Tile_29_Anchor,4.44444466,0.2649989,-5.99999952
30,BoardRoot/Tablero/Tablero/Tile_30,BoardRoot/Tablero/Tablero/Tile_30_Anchor,6,0.2649989,-5.99999952
31,BoardRoot/Tablero/Tablero/Tile_31,BoardRoot/Tablero/Tablero/Tile_31_Anchor,6,0.2649994,-4.444444
32,BoardRoot/Tablero/Tablero/Tile_32,BoardRoot/Tablero/Tablero/Tile_32_Anchor,6,0.2649994,-3.333333
33,BoardRoot/Tablero/Tablero/Tile_33,BoardRoot/Tablero/Tablero/Tile_33_Anchor,6,0.264999747,-2.22222233
34,BoardRoot/Tablero/Tablero/Tile_34,BoardRoot/Tablero/Tablero/Tile_34_Anchor,6,0.264999866,-1.111111
35,BoardRoot/Tablero/Tablero/Tile_35,BoardRoot/Tablero/Tablero/Tile_35_Anchor,6,0.264999956,-2.98023224E-08
36,BoardRoot/Tablero/Tablero/Tile_36,BoardRoot/Tablero/Tablero/Tile_36_Anchor,6,0.2650001,1.111111
37,BoardRoot/Tablero/Tablero/Tile_37,BoardRoot/Tablero/Tablero/Tile_37_Anchor,6,0.2650001,2.222222
38,BoardRoot/Tablero/Tablero/Tile_38,BoardRoot/Tablero/Tablero/Tile_38_Anchor,6,0.265000343,3.333333
39,BoardRoot/Tablero/Tablero/Tile_39,BoardRoot/Tablero/Tablero/Tile_39_Anchor,6,0.265000343,4.444444
